{"cameraMode":{"drawMode":0,"name":"Shaded","section":"Shading Mode"},"sceneLighting":true,"audioPlay":false,"sceneViewState":{"showFog":false,"showMaterialUpdate":false,"showSkybox":false,"showFlares":false,"showImageEffects":false,"showParticleSystems":false},"in2DMode":false,"pivot":{"x":0.9674025774002075,"y":5.574135780334473,"z":-13.997241020202637},"rotation":{"x":-0.16551905870437623,"y":0.31820720434188845,"z":-0.05652743577957153,"w":-0.9317472577095032},"size":20.08057403564453,"orthographic":false}